{
  "Color": {
    "black": {
      "hex": "#000000"
    },
    "clear": {
      "hex": "#ceccad"
    }
  },
  "BitmapFont": {
    "press-start-2p-large": {
      "file": "fnt/press-start-2p.fnt",
      "scaledSize": 80
    },
    "press-start-2p-medium": {
      "file": "fnt/press-start-2p.fnt",
      "scaledSize": 64
    },
    "press-start-2p-small": {
      "file": "fnt/press-start-2p.fnt",
      "scaledSize": 48
    }
  },
  "LabelStyle": {
    "press-start-2p-large": {
      "font": "press-start-2p-large",
      "fontColor": "black"
    },
    "press-start-2p-medium": {
      "font": "press-start-2p-medium",
      "fontColor": "black"
    },
    "press-start-2p-small": {
      "font": "press-start-2p-small",
      "fontColor": "black"
    }
  },
  "TextButtonStyle": {
    "menu": {
      "font": "press-start-2p-medium",
      "fontColor": "black",
      "up": "button/menu/up",
      "down": "button/menu/down"
    }
  }
}
